{
  "n_train": 590,
  "n_dev": 239,
  "bm25": {
    "recall@5": 0.9874476987447699,
    "recall@20": 0.9874476987447699,
    "recall@100": 0.99581589958159,
    "mrr@10": 0.9687587168758717,
    "ndcg@10": 0.9735248172747416
  },
  "dense_random_init": {
    "recall@5": 0.3598326359832636,
    "recall@20": 0.5062761506276151,
    "recall@100": 0.7573221757322176,
    "mrr@10": 0.2758849704456401,
    "ndcg@10": 0.3143245714441769
  },
  "dense_mlm2": {
    "recall@5": 0.33472803347280333,
    "recall@20": 0.5606694560669456,
    "recall@100": 0.7489539748953975,
    "mrr@10": 0.2685163047087735,
    "ndcg@10": 0.29966605298633936
  },
  "dense_mlm12": {
    "recall@5": 0.32217573221757323,
    "recall@20": 0.4895397489539749,
    "recall@100": 0.6778242677824268,
    "mrr@10": 0.2261224015408117,
    "ndcg@10": 0.26966624339312484
  },
  "bm25_rerank_pure": {
    "recall@5": 0.029288702928870293,
    "recall@20": 0.11715481171548117,
    "recall@100": 0.99581589958159,
    "mrr@10": 0.016874211330278277,
    "ndcg@10": 0.029923478400272575
  },
  "bm25_rerank_fused": {
    "recall@5": 0.9832635983263598,
    "recall@20": 0.9874476987447699,
    "recall@100": 0.99581589958159,
    "mrr@10": 0.6513947001394701,
    "ndcg@10": 0.73600911187308
  }
}
