{
  "n_train": 590,
  "n_dev": 239,
  "seeds": [
    0,
    1,
    2,
    3
  ],
  "random_init": {
    "recall@5": [
      0.3598326359832636,
      0.38493723849372385,
      0.41841004184100417,
      0.36401673640167365
    ],
    "recall@20": [
      0.5062761506276151,
      0.5564853556485355,
      0.5732217573221757,
      0.5313807531380753
    ],
    "r5_mean": 0.3817991631799163,
    "r5_std": 0.023178367998075662,
    "r20_mean": 0.5418410041841004,
    "r20_std": 0.025364760780297344
  },
  "mlm": {
    "recall@5": [
      0.33472803347280333,
      0.3723849372384937,
      0.3891213389121339,
      0.3891213389121339
    ],
    "recall@20": [
      0.5606694560669456,
      0.5355648535564853,
      0.5815899581589958,
      0.5146443514644351
    ],
    "r5_mean": 0.3713389121338912,
    "r5_std": 0.02221418470878171,
    "r20_mean": 0.5481171548117154,
    "r20_std": 0.02527833885689244
  }
}
